Title,URL,Type,Category,Tags,Published,Inbound internal links,Outbound internal links,Outbound external links
"Aut dolores eaque nam soluta est",/link-whisper-test-site/sv/aut-dolores-eaque-nam-soluta-est/,Post,"Uncategorized","Svenska","January 22, 2021",0,4,9
"Vel iure eius eius sit quo ipsum",/link-whisper-test-site/sv/vel-iure-eius-eius-sit-quo-ipsum/,Post,"Uncategorized","Svenska","January 22, 2021",0,5,12
"Beatae consequatur labore suscipit non",/link-whisper-test-site/beatae-consequatur-labore-suscipit-non/,Post,"Uncategorized","English","January 22, 2021",0,8,6
"Asperiores tempore in eos corrupti rerum explicabo",/link-whisper-test-site/asperiores-tempore-in-eos-corrupti-rerum-explicabo/,Post,"Uncategorized","English","January 22, 2021",0,4,5
"Asperiores tempore in eos corrupti rerum explicabo. (copied from English)",/link-whisper-test-site/asperiores-tempore-in-eos-corrupti-rerum-explicabo/,Post,"Uncategorized",,"January 22, 2021",0,4,7
"Id repellendus magni recusandae in",/link-whisper-test-site/id-repellendus-magni-recusandae-in/,Post,"Uncategorized","English","January 22, 2021",0,4,16
"Possimus tempora qui quibusdam",/link-whisper-test-site/possimus-tempora-qui-quibusdam/,Post,"Uncategorized","English","January 22, 2021",0,6,20
"Veniam et quod perspiciatis omnis omnis",/link-whisper-test-site/veniam-et-quod-perspiciatis-omnis-omnis/,Post,"Uncategorized","English","January 22, 2021",0,4,15
"Fugit natus ut dolores",/link-whisper-test-site/fugit-natus-ut-dolores/,Post,"Uncategorized","English","January 22, 2021",0,13,16
"Recusandae sint nihil ea qui aspernatur",/link-whisper-test-site/recusandae-sint-nihil-ea-qui-aspernatur/,Post,"Uncategorized","English","January 22, 2021",0,5,8
"Eum aut harum voluptate",/link-whisper-test-site/eum-aut-harum-voluptate/,Post,"Uncategorized","English","January 22, 2021",0,3,8
"Et et tempora vel nam velit",/link-whisper-test-site/et-et-tempora-vel-nam-velit/,Post,"Uncategorized","English","January 22, 2021",0,5,1
"Corporis ut debitis architecto",/link-whisper-test-site/corporis-ut-debitis-architecto/,Post,"Uncategorized","English","January 22, 2021",0,3,4
"Magnam eum dignissimos tenetur vero harum",/link-whisper-test-site/magnam-eum-dignissimos-tenetur-vero-harum/,Post,"Uncategorized","English","January 22, 2021",0,6,3
"Suscipit ut qui rerum ut ratione accusantium",/link-whisper-test-site/suscipit-ut-qui-rerum-ut-ratione-accusantium/,Post,"Uncategorized","Consequatur quam consequatur et possimus dolore, English, testing 1, testing 2","January 22, 2021",0,5,20
"Aut ullam et veniam est molestias quis",/link-whisper-test-site/aut-ullam-et-veniam-est-molestias-quis/,Post,"Uncategorized","English","January 22, 2021",0,9,2
"Et facilis voluptatem omnis qui ut",/link-whisper-test-site/et-facilis-voluptatem-omnis-qui-ut/,Post,"Uncategorized","English","January 22, 2021",0,6,2
"Ad et eum nisi sapiente quia placeat",/link-whisper-test-site/ad-et-eum-nisi-sapiente-quia-placeat/,Post,"Uncategorized","English","January 22, 2021",0,5,9
"Ipsam numquam est dolore cumque aut ad",/link-whisper-test-site/ipsam-numquam-est-dolore-cumque-aut-ad/,Post,"Uncategorized","English","January 22, 2021",0,8,18
"Rem non illo nesciunt error et",/link-whisper-test-site/rem-non-illo-nesciunt-error-et/,Post,"Uncategorized","English","January 22, 2021",0,6,14
"Quo et similique ut eveniet et",/link-whisper-test-site/quo-et-similique-ut-eveniet-et/,Post,"Uncategorized","English","January 22, 2021",0,7,17
"Sint debitis ea dolor sed recusandae voluptatem",/link-whisper-test-site/sint-debitis-ea-dolor-sed-recusandae-voluptatem/,Post,"Uncategorized","English","January 22, 2021",0,5,4
"Deserunt aut ea ipsum consectetur suscipit",/link-whisper-test-site/deserunt-aut-ea-ipsum-consectetur-suscipit/,Post,"Uncategorized","English","January 22, 2021",0,5,11
"Consequatur non magnam sit minus",/link-whisper-test-site/consequatur-non-magnam-sit-minus/,Post,"Uncategorized","English","January 22, 2021",0,5,22
"Sit nemo modi est quos sed qui",/link-whisper-test-site/sit-nemo-modi-est-quos-sed-qui/,Post,"Uncategorized","English","January 22, 2021",0,4,15
"Sequi animi aut cupiditate libero quae",/link-whisper-test-site/sequi-animi-aut-cupiditate-libero-quae/,Post,"Uncategorized","English, testing 1, testing 2, testing tag","January 22, 2021",0,6,11
"Minus occaecati velit impedit",/link-whisper-test-site/minus-occaecati-velit-impedit/,Post,"Uncategorized","English","January 22, 2021",0,6,5
"Tenetur sit fugiat praesentium a velit",/link-whisper-test-site/tenetur-sit-fugiat-praesentium-a-velit/,Post,"Uncategorized",", English","January 22, 2021",0,6,3
"Animi quam dolorem facere quos",/link-whisper-test-site/animi-quam-dolorem-facere-quos/,Post,"Uncategorized","English","January 22, 2021",0,7,18
"Accusantium perspiciatis voluptate minima occaecati",/link-whisper-test-site/accusantium-perspiciatis-voluptate-minima-occaecati/,Post,"Uncategorized","English","January 22, 2021",0,3,8
"Laboriosam est voluptates autem sint",/link-whisper-test-site/laboriosam-est-voluptates-autem-sint/,Post,"Uncategorized","English","January 22, 2021",0,6,10
"Quis numquam occaecati commodi",/link-whisper-test-site/quis-numquam-occaecati-commodi/,Post,"Uncategorized","Consequatur quam consequatur et possimus dolore, , English","January 22, 2021",0,3,4
"Quia rerum omnis sit voluptatem et",/link-whisper-test-site/quia-rerum-omnis-sit-voluptatem/,Post,"Bez kategorii, Sint omnis ut a asperiores, Suscipit ut voluptates expedita aperiam rerum laudantium, Uncategorized","Consequatur quam consequatur et possimus dolore, English","January 22, 2021",0,35,4
"Rem nemo aperiam quo eaque",/link-whisper-test-site/rem-nemo-aperiam-quo-eaque/,Post,"Uncategorized","English","January 22, 2021",0,7,18
"Hello world!",/link-whisper-test-site/hello-world/,Post,"Uncategorized","English","January 23, 2021",0,8,6
"Types of Biofuel",/link-whisper-test-site/types-of-biofuel/,Post,"Uncategorized","English","January 26, 2021",0,0,0
"Post for testing affiliate link cloaking",/link-whisper-test-site/post-for-testing-affiliate-link-cloaking/,Post,"Uncategorized","English","February 08, 2021",3,2,1
"Covid-19 lockdown test post 4",/link-whisper-test-site/covid-19-lockdown-test-post-4/,Post,"Uncategorized","English","February 08, 2021",0,1,0
"Covid-19 lockdown test post 3 Testinggg",/link-whisper-test-site/covid-19-lockdown-test-post-3/,Post,"Uncategorized","English","February 08, 2021",0,1,0
"Covid-19 lockdown test post 2",/link-whisper-test-site/covid-19-lockdown-test-post-2/,Post,"Uncategorized","English","February 08, 2021",0,1,2
"Covid-19 lockdown test post 1",/link-whisper-test-site/covid-19-lockdown-test-post-1/,Post,"Uncategorized","English","February 08, 2021",0,2,0
"Nisi aliquam consequuntur ex est quia amet Qui dolor qui temporibus placeat quis reiciendis perspiciatis. Saepe eius aut recusandae minima. Impedit consequatur voluptatibus amet necessitatibus atque corrupti. Et sint dicta et quaerat rerum. Maxime et vitae accusantium accusamus cumque. Fugiat voluptatem ab odio vel totam enim culpa. Amet quo rerum unde quia vitae. Illo perspiciatis repellat voluptas. Beatae optio porro et et aut minus est tempora. Voluptas qui alias voluptatibus esse officia. Sed asperiores delectus est explicabo dolores. Et consequatur magnam debitis commodi. Dolorum omnis dolore consequatur ab quibusdam. Possimus et magni exercitationem dolores numquam veritatis assumenda sed.",/link-whisper-test-site/nisi-aliquam-consequuntur-ex-est-quia-amet/,Post,"Sint omnis ut a asperiores, Suscipit ut voluptates expedita aperiam rerum laudantium, Uncategorized","English, Ipsum suscipit odio laboriosam quidem sit fugit ut, testing tag","February 12, 2021",1,11,33
"Aut numquam minima nihil quisquam tenetur eius",/link-whisper-test-site/aut-numquam-minima-nihil-quisquam-tenetur-eius/,Post,"Sint omnis ut a asperiores","English, Facere tempora dolor cupiditate voluptate illum asperiores quia quis tempora amet iste quia quibusdam, Quae ullam aut ipsa ut aliquam dolorem ratione sint quisquam velit est earum voluptas sapiente et accusamus, Quia id et explicabo vel perspiciatis","February 12, 2021",0,9,34
"Voluptatem sequi deserunt nihil enim similique iure fuga",/link-whisper-test-site/voluptatem-sequi-deserunt-nihil-enim-similique-iure-fuga/,Post,"Sint omnis ut a asperiores, Suscipit ut voluptates expedita aperiam rerum laudantium, Uncategorized","Consequatur quam consequatur et possimus dolore, English, Facere tempora dolor cupiditate voluptate illum asperiores quia quis tempora amet iste quia quibusdam, Ipsum suscipit odio laboriosam quidem sit fugit ut, Quae ullam aut ipsa ut aliquam dolorem ratione sint quisquam velit est earum voluptas sapiente et accusamus","February 12, 2021",0,7,29
"Et et aliquid voluptatem",/link-whisper-test-site/et-et-aliquid-voluptatem/,Post,"Uncategorized","English","February 12, 2021",0,7,17
"Sint necessitatibus rem molestiae consequatur",/link-whisper-test-site/sint-necessitatibus-rem-molestiae-consequatur/,Post,"Uncategorized","English","February 12, 2021",0,9,23
"Čajka bielohlavá",/link-whisper-test-site/sk/cajka-bielohlava/,Post,"Uncategorized","Slovenčina","February 14, 2021",0,0,59
"Čajkovité",/link-whisper-test-site/sk/cajkovite/,Post,"Uncategorized","Slovenčina","February 14, 2021",0,2,311
"Kulíkotvaré",/link-whisper-test-site/sk/kulikotvare/,Post,"Uncategorized","Slovenčina","February 14, 2021",0,2,1
"Vtáky",/link-whisper-test-site/sk/vtaky/,Post,"Uncategorized","Slovenčina","February 14, 2021",0,2,3
"Vtáky sa po prvýkrát objavili počas obdobia jury. Pravdepodobne sa vyvinuli z operených dravých dinosaurov patriacich do skupiny Theropoda (spočiatku sa uvažovalo aj o ich thekodontnom pôvode) a rýchlo začali vytvárať nové formy. Od „nevtáčích“ dinosaurov vtáky odlišuje protistojný prst zadných končatín a pygostyl, kým ostatné znaky (kýlovitá hrudná kosť, perie, vzdušné vaky napojené na pľúca) nachádzame aj u rôznych dinosaurov. Dnes existuje podľa odhadov okolo 9 800[3] až 10 770[4] druhov vtákov, z fosílneho záznamu bolo popísaných ďalších 2000 druhov už vyhynutých foriem [5]. Vtáky sú charakteristické výskytom tráviacich enzýmov v ústnej dutine. Okrem nich túto vlastnosť majú len cicavce. Trieda sa delí na 2 podtriedy: pravtáky (už vyhynuté) a Vtáky pravé.",/link-whisper-test-site/sk/vtaky-sa-po-prvykrat-objavili-pocas-obdobia-jury-pravdepodobne-sa-vyvinuli-z-operenych-dravych-dinosaurov-patriacich-do-skupiny-theropoda-spociatku-sa-uvazovalo-aj-o-ich-thekodontnom-povode-a-rychl/,Post,"Uncategorized","Slovenčina","February 14, 2021",0,1,3
"Sú to menšie až stredne veľké vtáky. Majú štíhly a na okrajoch ostrý zobák. Dobre lietajú. Sú prispôsobené na rozmanité podmienky. Vyskytujú sa na celom svete vrátane Arktídy a Antarktídy a osídľujú rozmanité prostredia.",/link-whisper-test-site/sk/su-to-mensie-az-stredne-velke-vtaky-maju-stihly-a-na-okrajoch-ostry-zobak-dobre-lietaju-su-prisposobene-na-rozmanite-podmienky-vyskytuju-sa-na-celom-svete-vratane-arktidy-a-antarktidy-a-osidluju-r/,Post,"Uncategorized","Slovenčina","February 14, 2021",0,2,0
"Systematické členenie Neornithes (pravých vtákov) sa neustále menilo a aj dnes dochádza na základe najnovších vedeckých poznatkov k ďalším zmenám. Tu použitá systematika odráža súčasné poznanie o vzájomnej príbuznosti jednotlivých vtáčích taxónov a opiera sa predovšetkým o najnovšie publikované články týkajúce sa tejto témy. Ale medzi jednotlivými celosvetovými zoznamami vtákov naďalej pretrvávajú isté rozdiely v počte a usporiadaní radov, čeľadí i druhov. Počet druhov vtákov podľa podstatných súčasných celosvetových zoznamov ako napr. International Ornithological Congress World Bird List 2009 ([2]), Peterson 2010 ([3]), The Clements Checklist of Birds of the World 2009 ([4]), Taxonomy in Flux Checklist 2010 ([5]) sa dnes pohybuje niekde medzi 10 000 až 11 000. Koncom minulého storočia a na prelome 20. a 21. storočia boli zoznamy vtákov sveta o čosi menej početné a obsahovali približne 9 300 – 9 700 druhov. Tento vysoký nárast nespôsobujú novoobjavené druhy vtákov, ktorých je len niekoľko ročne, ale väčšie znalosti o vtáčích taxónoch už známych pre vedu a o ich vzájomnej príbuznosti, predovšetkým na základe rozborov DNA, čím dochádza k ich vzájomnému štiepeniu, spájaniu či presúvaniu, hlavne na úrovni druhov a poddruhov. Čo sa týka poddruhov, ich počet kolíše v rozmedzí 20 000 až 23 000.",/link-whisper-test-site/sk/systematicke-clenenie-neornithes-pravych-vtakov-sa-neustale-menilo-a-aj-dnes-dochadza-na-zaklade-najnovsich-vedeckych-poznatkov-k-dalsim-zmenam-tu-pouzita-systematika-odraza-sucasne-poznanie-o-vzaj/,Post,"Uncategorized","Slovenčina","February 14, 2021",0,0,0
"Ako schudnúť",/link-whisper-test-site/sk/ako-schudnut/,Post,"Uncategorized","Slovenčina","February 15, 2021",0,1,141
"Jedlo je energia, aj radosť",/link-whisper-test-site/sk/jedlo-je-energia-aj-radost/,Post,"Uncategorized","Slovenčina","February 15, 2021",0,1,32
"Glykemický index potravín",/link-whisper-test-site/sk/glykemicky-index-potravin/,Post,"Uncategorized","Slovenčina","February 15, 2021",0,1,50
"Obezita sa vracia",/link-whisper-test-site/sk/obezita-sa-vracia/,Post,"Uncategorized","Slovenčina","February 15, 2021",0,1,29
"Státie pri práci",/link-whisper-test-site/sk/statie-pri-praci/,Post,"Uncategorized","Slovenčina","February 15, 2021",0,1,30
"Ako prinútiť manžela, aby schudol?",/link-whisper-test-site/sk/ako-prinutit-manzela-aby-schudol/,Post,"Uncategorized","Slovenčina","February 15, 2021",0,1,7
"Je čaj Pu erh naozaj liekom na obezitu?",/link-whisper-test-site/sk/je-caj-pu-erh-naozaj-liekom-na-obezitu/,Post,"Uncategorized","Slovenčina","February 15, 2021",0,1,16
"Hladovky a diéty nepodstupujte",/link-whisper-test-site/sk/hladovky-a-diety-nepodstupujte/,Post,"Uncategorized","Slovenčina","February 15, 2021",0,1,16
"This post might link to itself",/link-whisper-test-site/this-post-might-link-to-itself/,Post,"Uncategorized","English","February 26, 2021",4,6,3
"New Elementor post",/link-whisper-test-site/new-elementor-post/,Post,"Uncategorized","English","February 28, 2021",0,9,5
"List item test post",/link-whisper-test-site/list-item-test-post/,Post,"Uncategorized","English","February 28, 2021",0,5,1
"Link Content Deletion Test Post",/link-whisper-test-site/link-content-deletion-test-post/,Post,"Uncategorized","English","March 01, 2021",0,3,20
"Image test post!",/link-whisper-test-site/image-test-post/,Post,"Uncategorized","English, pll_603c9fca75b91","March 01, 2021",0,1,1
"This is SPARTA!",/link-whisper-test-site/sk/this-is-sparta/,Post,"Uncategorized","pll_603c9fca75b91, Slovenčina","March 01, 2021",0,3,1
"This is a cool test post with an English title, but the language is set to Slovak. And it will contain Lorem Ipsom text Odio consectetur quod deleniti dolorem autem aperiam. voluptatibus aut id qui Molestiae dolor aut et ullam mollitia. Magni aut eum rem ut et quidem. Mollitia doloribus aspernatur dolorum aliquid. Deserunt voluptate doloremque et soluta Commodi perferendis quia ut id et voluptatibus. Alias sed quis Voluptatem est in est molestiae dolorem Reprehenderit vel dolor nobis sed omnis. laboriosam consequatur ab quia. Sequi aut explicabo illo. Amet maxime autem a voluptatem aut. aut assumenda fugiat. Est blanditiis dolore at at soluta. Est et labore assumenda. Veritatis molestiae ex vero quis. velit hic vel molestiae. Tempore est illum qui recusandae. Beatae reprehenderit est perferendis. Beatae quo magnam vel molestiae Ea sit beatae illum corrupti. Ad qui fugit. Provident corporis vel cum repellendus consequatur et dolorem. Expedita reiciendis ratione et. deserunt velit non rem.",/link-whisper-test-site/this-is-a-cool-test-post-with-an-english-title-but-the-language-is-set-to-slovak-and-it-will-contain-lorem-ipsom-text-odio-consectetur-quod-deleniti-dolorem-autem-aperiam-voluptatibus-aut-id-qui-mo/,Post,"Uncategorized",,"March 05, 2021",67,0,1
"Car Test post",/link-whisper-test-site/549/,Post,"Uncategorized","testing 1","March 07, 2021",0,6,11
"Vad Är Domännamn",/link-whisper-test-site/vad-ar-domannamn/,Post,"Uncategorized",,"March 07, 2021",0,1,7
"Nytt SEO Analys Verktyg För Att Kontrollera Er On Page Optimering",/link-whisper-test-site/nytt-seo-analys-verktyg-for-att-kontrollera-er-on-page-optimering/,Post,"Uncategorized",,"March 07, 2021",0,0,1
"SEO Verktyg För Din Hemsida",/link-whisper-test-site/seo-verktyg-for-din-hemsida/,Post,"Uncategorized",,"March 07, 2021",0,0,9
"3 Tips Om Hur Du Ökar Konverteringsgraden",/link-whisper-test-site/3-tips-om-hur-du-okar-konverteringsgraden/,Post,"Uncategorized","Uncategorized","March 07, 2021",0,1,2
"Bärbara Pansonic Toughbook Passar I Alla Lägen",/link-whisper-test-site/barbara-pansonic-toughbook-passar-i-alla-lagen/,Post,"Uncategorized",,"March 07, 2021",0,0,1
"BASKERVILLES HUND FÖRSTA KAPITLET. HERR SHERLOCK HOLMES.",/link-whisper-test-site/baskervilles-hund-forsta-kapitlet-herr-sherlock-holmes/,Post,"Uncategorized",,"March 08, 2021",0,0,10
"ANDRA KAPITLET. FAMILJEN BASKERVILLES PLÅGOANDE.",/link-whisper-test-site/andra-kapitlet-familjen-baskervilles-plagoande/,Post,"Uncategorized",,"March 08, 2021",0,0,12
"Baggen och grisen, som skulle gå till skogs och bo för sig sjelfva.",/link-whisper-test-site/baggen-och-grisen-som-skulle-ga-till-skogs-och-bo-for-sig-sjelfva/,Post,"New Test Category",,"March 08, 2021",0,3,6
"En lätting på andra tankar. Om att lägga sig i andras affärer",/link-whisper-test-site/en-latting-pa-andra-tankar-om-att-lagga-sig-i-andras-affarer/,Post,"New Test Category, Uncategorized","A cool testing tag","March 08, 2021",0,3,9
"Krypkasino är ett kortspel som är en vidareutveckling av kortspelet kasino. De båda spelen spelas efter i princip samma regler, men med den stora skillnaden att det i krypkasino gäller att undvika att ta poäng.",/link-whisper-test-site/krypkasino-ar-ett-kortspel-som-ar-en-vidareutveckling-av-kortspelet-kasino-de-bada-spelen-spelas-efter-i-princip-samma-regler-men-med-den-stora-skillnaden-att-det-i-krypkasino-galler-att-undvika-att/,Post,"Uncategorized",,"March 08, 2021",0,0,0
"I krypkasino används två sammanblandade kortlekar. Spelets mekanism är densamma som i kasino: spelarna ska endera ta hem kort, som är utlagda på bordet, eller lägga ut kort. Ta hem kort gör man genom att matcha dessa mot kort på handen med motsvarande siffervärden, vilket är något som man i det här spelet vanligtvis försöker undvika. Att lägga ut ett kort på bordet kallas för att krypa. Man får bara krypa med kort som det inte går att ta med.",/link-whisper-test-site/i-krypkasino-anvands-tva-sammanblandade-kortlekar-spelets-mekanism-ar-densamma-som-i-kasino-spelarna-ska-endera-ta-hem-kort-som-ar-utlagda-pa-bordet-eller-lagga-ut-kort-ta-hem-kort-gor-man-genom/,Post,"New Test Category",,"March 08, 2021",0,0,0
"Poäng, det vill säga minuspoäng, delas ut för hemtagna kort, och det sker efter ungefär samma regler som i kasino.",/link-whisper-test-site/poang-det-vill-saga-minuspoang-delas-ut-for-hemtagna-kort-och-det-sker-efter-ungefar-samma-regler-som-i-kasino/,Post,"Uncategorized",,"March 08, 2021",0,0,0
"Nya beräkningar, administrerade av forskare vid Oxfords Universitet visar att en fördubbling av halten koldioxid i jordens atmosfär kommer att leda till en ökning av jordens yttemperatur på mellan 2°C och 11°C, med en största sannolikhet för en ökning på",/link-whisper-test-site/nya-berakningar-administrerade-av-forskare-vid-oxfords-universitet-visar-att-en-fordubbling-av-halten-koldioxid-i-jordens-atmosfar-kommer-att-leda-till-en-okning-av-jordens-yttemperatur-pa-mellan-2/,Post,"Uncategorized",,"March 08, 2021",0,0,0
"Grässjön ingår i det delavrinningsområde (624517-140620) som SMHI kallar för Mynnar i Vielången. Medelhöjden är 98 meter över havet och ytan är 2,36 kvadratkilometer. Det finns ett avrinningsområde uppströms, och räknas det in blir den ackumulerade arean 8,86 kvadratkilometer. Vattendraget som avvattnar avrinningsområdet har biflödesordning 2, vilket innebär att vattnet flödar genom totalt 2 vattendrag innan det når havet efter 59 kilometer.[5] Avrinningsområdet består mestadels av skog (86 %). Avrinningsområdet har 0,28 kvadratkilometer vattenytor vilket ger det en sjöprocent på 11,6 %.",/link-whisper-test-site/grassjon-ingar-i-det-delavrinningsomrade-624517-140620-som-smhi-kallar-for-mynnar-i-vielangen-medelhojden-ar-98-meter-over-havet-och-ytan-ar-236-kvadratkilometer-det-finns-ett-avrinningsomrade-up/,Post,"Uncategorized",,"March 08, 2021",4,0,0
"Vukov Potok är ett vattendrag i Bosnien och Hercegovina.[1] Det ligger i entiteten Republika Srpska, i den centrala delen av landet, 130 km nordväst om huvudstaden Sarajevo.  Omgivningarna runt Vukov Potok är en mosaik av jordbruksmark och naturlig växtlighet.[2] Runt Vukov Potok är det ganska tätbefolkat, med 67 invånare per kvadratkilometer.[3] Trakten ingår i den hemiboreala klimatzonen.[4] Årsmedeltemperaturen i trakten är 10 °C. Den varmaste månaden är juli, då medeltemperaturen är 22 °C, och den kallaste är december, med −4 °C.[5] Genomsnittlig årsnederbörd är 1 472 millimeter. Den regnigaste månaden är maj, med i genomsnitt 197 mm nederbörd, och den torraste är mars, med 86 mm nederbörd.",/link-whisper-test-site/vukov-potok-ar-ett-vattendrag-i-bosnien-och-hercegovina-1-det-ligger-i-entiteten-republika-srpska-i-den-centrala-delen-av-landet-130-km-nordvast-om-huvudstaden-sarajevo-omgivningarna-runt-vukov/,Post,"Uncategorized","Uncategorized","March 08, 2021",0,0,0
"This is a draft post",/link-whisper-test-site/this-is-a-draft-post/,Post,"Uncategorized",,"March 09, 2021",0,3,5
"ACF text only post",/link-whisper-test-site/acf-text-only-post/,Post,"Uncategorized",,"March 19, 2021",0,9,8
"This is a themify testing post",/link-whisper-test-site/this-is-a-themify-testing-post/,Post,"Uncategorized",,"March 21, 2021",2,19,13
"NP link text testing post",/link-whisper-test-site/np-link-text-testing-post/,Post,"Uncategorized",,"April 08, 2021",0,0,0
"This is a cool test post for the Free version",/link-whisper-test-site/this-is-a-cool-test-post-for-the-free-version/,Post,"Uncategorized",,"April 09, 2021",0,1,13
"Gutenberg testing post for Free",/link-whisper-test-site/gutenberg-testing-post-for-free/,Post,"Uncategorized",,"April 09, 2021",0,2,227
"إليزابيث الثانية",/link-whisper-test-site/%d8%a5%d9%84%d9%8a%d8%b2%d8%a7%d8%a8%d9%8a%d8%ab-%d8%a7%d9%84%d8%ab%d8%a7%d9%86%d9%8a%d8%a9/,Post,"Uncategorized",,"April 10, 2021",0,2,486
"الملكية في المملكة المتحدة",/link-whisper-test-site/%d8%a7%d9%84%d9%85%d9%84%d9%83%d9%8a%d8%a9-%d9%81%d9%8a-%d8%a7%d9%84%d9%85%d9%85%d9%84%d9%83%d8%a9-%d8%a7%d9%84%d9%85%d8%aa%d8%ad%d8%af%d8%a9/,Post,"Uncategorized",,"April 10, 2021",0,1,1
"المملكة المتحدة",/link-whisper-test-site/%d8%a7%d9%84%d9%85%d9%85%d9%84%d9%83%d8%a9-%d8%a7%d9%84%d9%85%d8%aa%d8%ad%d8%af%d8%a9/,Post,"Uncategorized",,"April 10, 2021",0,2,0
"فيليب دوق إدنبرة",/link-whisper-test-site/%d9%81%d9%8a%d9%84%d9%8a%d8%a8-%d8%af%d9%88%d9%82-%d8%a5%d8%af%d9%86%d8%a8%d8%b1%d8%a9/,Post,"Uncategorized",,"April 10, 2021",0,3,1
"جمهورية أيرلندا",/link-whisper-test-site/%d8%ac%d9%85%d9%87%d9%88%d8%b1%d9%8a%d8%a9-%d8%a3%d9%8a%d8%b1%d9%84%d9%86%d8%af%d8%a7/,Post,"Uncategorized",,"April 10, 2021",0,1,0
"ينطوي الجيش، على الخدمة البحرية، وسلاح الجو وقوة الدفاع. انه صغير ولكنه مجهز تجهيزا جيدا، مع عدد أفراد تقريبا يبلغ 10000 عسكري بدوام كامل. وهذا يرجع أساسا إلى سياسة أيرلندا الحيادية،. تنشر قوات الدفاع لإعطاء المساعدات لعمليات السلطة المدنية، وحماية دورية للمياه الإقليمية والمنطقة الاقتصادية الخالصة الأيرلندية عبر البحرية",/link-whisper-test-site/%d9%8a%d9%86%d8%b7%d9%88%d9%8a-%d8%a7%d9%84%d8%ac%d9%8a%d8%b4%d8%8c-%d8%b9%d9%84%d9%89-%d8%a7%d9%84%d8%ae%d8%af%d9%85%d8%a9-%d8%a7%d9%84%d8%a8%d8%ad%d8%b1%d9%8a%d8%a9%d8%8c-%d9%88%d8%b3%d9%84%d8%a7/,Post,"Uncategorized",,"April 10, 2021",0,0,0
"A post with a mixed up permalink structure",/link-whisper-test-site/a-post-with-a-mixed-up-permalink-structure-dude-changed-changed-with-quick-edit/,Post,"Uncategorized",,"April 10, 2021",0,0,2
"エゾリス",/link-whisper-test-site/%e3%82%a8%e3%82%be%e3%83%aa%e3%82%b9/,Post,"Uncategorized",,"April 24, 2021",0,0,108
"Византијска култура (Ј. Бидло) 1",/link-whisper-test-site/%d0%b2%d0%b8%d0%b7%d0%b0%d0%bd%d1%82%d0%b8%d1%98%d1%81%d0%ba%d0%b0-%d0%ba%d1%83%d0%bb%d1%82%d1%83%d1%80%d0%b0-%d1%98-%d0%b1%d0%b8%d0%b4%d0%bb%d0%be-1/,Post,"Uncategorized",,"April 27, 2021",0,0,1
"иза дворана за стражу и одељења за примање, усред вртова пуних хлада и текућих вода који су га чинили, по речима једнога хроничара, као »неки нови Еден«, као »неки други рај",/link-whisper-test-site/%d0%b8%d0%b7%d0%b0-%d0%b4%d0%b2%d0%be%d1%80%d0%b0%d0%bd%d0%b0-%d0%b7%d0%b0-%d1%81%d1%82%d1%80%d0%b0%d0%b6%d1%83-%d0%b8-%d0%be%d0%b4%d0%b5%d1%99%d0%b5%d1%9a%d0%b0-%d0%b7%d0%b0-%d0%bf%d1%80%d0%b8%d0%bc/,Post,"Uncategorized",,"April 27, 2021",1,0,1
"Франака и Авара стално се погоршавао док није 791 избило отворено непријатељство",/link-whisper-test-site/%d1%84%d1%80%d0%b0%d0%bd%d0%b0%d0%ba%d0%b0-%d0%b8-%d0%b0%d0%b2%d0%b0%d1%80%d0%b0-%d1%81%d1%82%d0%b0%d0%bb%d0%bd%d0%be-%d1%81%d0%b5-%d0%bf%d0%be%d0%b3%d0%be%d1%80%d1%88%d0%b0%d0%b2%d0%b0%d0%be-%d0%b4/,Post,"Uncategorized",,"April 27, 2021",0,2,181
"срцима својима умилише се, па мишљаху да ће их огањ са неба појести или да ће их земља живе прогутати ако помисле што лукаво према њима",/link-whisper-test-site/%d1%81%d1%80%d1%86%d0%b8%d0%bc%d0%b0-%d1%81%d0%b2%d0%be%d1%98%d0%b8%d0%bc%d0%b0-%d1%83%d0%bc%d0%b8%d0%bb%d0%b8%d1%88%d0%b5-%d1%81%d0%b5-%d0%bf%d0%b0-%d0%bc%d0%b8%d1%88%d1%99%d0%b0%d1%85%d1%83-%d0%b4/,Post,"Uncategorized",,"April 27, 2021",0,2,0
"У земљи, царска власт, уздрмана овим низом буна и непрестаних завера, била је крајње слаба. У престоници, светина је прописивала влади законе; у провинцијама, племство се поново било осилило и царство се почело распарчавати. Исак Комнин се беше прогласио независним на Кипру (1184 г.), Гавра у Трапезунту; свуда велике феудалне породице, Кантакузин, Врана, Згур, ствараху за себе господарства од подераних делова монархије. Свуда владаху неред и беда: терет пореза је био неподношљив, трговина упропашћена, државна ризница празна. Свуда цареваше разврат, чак и у цркви, где су калуђери одржавали вечити неред и где се преустројство манастира чинило потребнијим више него икада. Нарочито јелинизам узмицаше на свима линијама, а родољубље изумираше.",/link-whisper-test-site/%d1%83-%d0%b7%d0%b5%d0%bc%d1%99%d0%b8-%d1%86%d0%b0%d1%80%d1%81%d0%ba%d0%b0-%d0%b2%d0%bb%d0%b0%d1%81%d1%82-%d1%83%d0%b7%d0%b4%d1%80%d0%bc%d0%b0%d0%bd%d0%b0-%d0%be%d0%b2%d0%b8%d0%bc-%d0%bd%d0%b8%d0%b7/,Post,"Uncategorized",,"April 27, 2021",0,0,5
"Године 1050. Зое Порфирогенита, стара седамдесет и две године, завршила је свој дуги и бурни живот. Константин Мономах, њен муж, који ју је, као што се видело, још од пре осам година занемарио, сматрао је за дужност кад ју је изгубио, да је савесно оплаче. Он је учинио још више: хтео је да је уврсти у ред светитељки, и трудио се да пронађе свакојака чуда која су се десила на њеном гробу, да би свима доказао да је њена душа међу анђелима. То је било сувише части за ту стару жену, чулну и страсну, која је тако жалосно узбунила варош и двор својим саблажњивим удајама и својим љубавима. Зато Мономах није одвише наваљивао с покушајем да је огласи за светитељку: он се брзо утешио, као што се зна, и у смрти Зоиној нашао је нарочито згодну прилику да озваничи своју најновију љубимицу. И он сам је уосталом умро мало година после тога, 11. јануара 1055., у манастиру Светог Ђорђа Манганског, који је он основао, и где се био повукао крајем свога живота.",/link-whisper-test-site/%d0%b3%d0%be%d0%b4%d0%b8%d0%bd%d0%b5-1050-%d0%b7%d0%be%d0%b5-%d0%bf%d0%be%d1%80%d1%84%d0%b8%d1%80%d0%be%d0%b3%d0%b5%d0%bd%d0%b8%d1%82%d0%b0-%d1%81%d1%82%d0%b0%d1%80%d0%b0-%d1%81%d0%b5%d0%b4%d0%b0/,Post,"Uncategorized",,"April 27, 2021",0,1,0
"本種は昼行性であるが、活動時間帯は季節により違いがあり、春は朝から活動し、夏は日出から日没まで、秋は昼[6]。本種は冬眠せず真冬でも活動し、その時間帯は主に朝である。これら以外の時間帯にも活動することがある。活動範囲は巣を中心として行うが、ある特定の巣に対する拘泥はない。また活動範囲は他の個体と重なっており、個体間には序列がある。行動は基本的には単独行動であり、例外は交尾および子育ての時期と、親離れして間もない時期の同腹の幼獣たちである。また冬季には一つの巣を2 – 3匹で共有していることがある",/link-whisper-test-site/%e6%9c%ac%e7%a8%ae%e3%81%af%e6%98%bc%e8%a1%8c%e6%80%a7%e3%81%a7%e3%81%82%e3%82%8b%e3%81%8c%e3%80%81%e6%b4%bb%e5%8b%95%e6%99%82%e9%96%93%e5%b8%af%e3%81%af%e5%ad%a3%e7%af%80%e3%81%ab%e3%82%88%e3%82%8a/,Post,"Uncategorized",,"May 05, 2021",0,0,0
"Finnish Pizza Post",/link-whisper-test-site/1170/,Post,"Uncategorized",,"May 08, 2021",0,2,2
"Termillä tarkoitetaan erityisesti maan vanhaa yhteiskuntamuotoa ja kulttuuria.[1] Käsitteellä pyritään kuvaamaan Ranskan vallankumouksen suurta ja mullistavaa luonnetta, jossa uusi, demokraattinen hallintotapa oli räikeässä ristiriidassa aiemman, monarkistisen hallintotavan kanssa. Aiemmin vallinnut feodaalinen yhteiskuntajärjestys murtui vallankumouksen myötä.",/link-whisper-test-site/termilla-tarkoitetaan-erityisesti-maan-vanhaa-yhteiskuntamuotoa-ja-kulttuuria-1-kasitteella-pyritaan-kuvaamaan-ranskan-vallankumouksen-suurta-ja-mullistavaa-luonnetta-jossa-uusi-demokraattinen-hal/,Post,"Uncategorized",,"May 08, 2021",0,0,0
"Napoleon ylennettiin pian luutnantiksi ja hän sai sata livreä lisää kuukausipalkkaansa. Samalla hänet siirrettiin takaisin Valencen kaupunkiin. Samoihin aikoihin kuningas Ludvig XVI yritti perheineen paeta Ranskasta, mutta jäi kiinni. Tämän tapauksen seurauksena kaikki upseerit joutuivat vannomaan uuden uskollisuudenvalan, josta kuninkaan osuus oli poistettu. Kolmekymmentäviisi Napoleonin virkaveljeä kieltäytyi, mutta 22-vuotias Napoleon totteli.",/link-whisper-test-site/napoleon-ylennettiin-pian-luutnantiksi-ja-han-sai-sata-livrea-lisaa-kuukausipalkkaansa-samalla-hanet-siirrettiin-takaisin-valencen-kaupunkiin-samoihin-aikoihin-kuningas-ludvig-xvi-yritti-perheineen/,Post,"Uncategorized",,"May 08, 2021",0,0,0
"Samaan aikaan Pariisin kansalliskokous päätti sulkea kaikki Korsikan luostarit. Munkit kieltäytyivät tottelemasta ja suurin osa korsikalaisista olikin heidän puolellaan. Napoleon joutui kansalliskaarteineen puuttumaan tilanteeseen. Ajaccion kaupungin linnoituksen johtaja kieltäytyi tottelemasta, jolloin Napoleonin oli pakko hyökätä ranskalaisia joukkoja vastaan. Napoleon haastettiin sotaoikeuteen. Lisäksi hänen oli lähdettävä Korsikalta, koska hänen loma-aikansa rykmentistä oli kulunut loppuun ja hänet oli pyyhitty palkansaajien luettelosta.",/link-whisper-test-site/samaan-aikaan-pariisin-kansalliskokous-paatti-sulkea-kaikki-korsikan-luostarit-munkit-kieltaytyivat-tottelemasta-ja-suurin-osa-korsikalaisista-olikin-heidan-puolellaan-napoleon-joutui-kansalliskaart/,Post,"Uncategorized",,"May 08, 2021",0,0,0
"Ranskassa Napoleon kirjoitti tasavaltaa tukevan romaanin, josta diktaattori Robespierren veli kiinnostui suuresti ja halusi tavata Napoleonin. Tapaaminen toteutui ja Napoleon siirrettiin pian Toulonia piirittäviin joukkoihin. Vuonna 1793 hän vapautti Toulonin rojalisteilta ja näitä tukeneilta brittijoukoilta. Silloisella tykistöupseerilla oli ollut merkittävä osa Toulonin vapauttamisessa, minkä johdosta hänen arvoasteikossa ylenemisensä oli jatkunut entistä nopeammin ja hän oli noussut aina kenraaliksi asti.",/link-whisper-test-site/ranskassa-napoleon-kirjoitti-tasavaltaa-tukevan-romaanin-josta-diktaattori-robespierren-veli-kiinnostui-suuresti-ja-halusi-tavata-napoleonin-tapaaminen-toteutui-ja-napoleon-siirrettiin-pian-toulonia/,Post,"Uncategorized",,"May 08, 2021",0,0,0
"Koko Egyptin sotaretki oli mennä myttyyn jo heti alussa, kun Napoleonin johtama laivasto vältti viime tipassa yhteenoton Britannian laivaston valiojoukkojen kanssa.[12] Oli lähellä, ettei Napoleon joutunut kohtaamaan Horatio Nelsonin johtamia joukkoja seitsemäntoista vuotta ennen Waterloon taistelua. Laivastojen voimasuhteet ja taistelutaidot huomioiden historioitsijat ovat lähes yksimielisiä, että yhteenotto olisi lähes pakosta tuhonnut Napoleonin joukkoineen.[12] Yhteenotolta kuitenkin vältyttiin, sillä vaikka laivastojen reitit menivätkin ristiin, ehtivät Ranskan laivat kadota taivaanrannan taakse hetkeä ennen kuin brittialukset olisivat saaneet ne näkyviinsä.",/link-whisper-test-site/koko-egyptin-sotaretki-oli-menna-myttyyn-jo-heti-alussa-kun-napoleonin-johtama-laivasto-valtti-viime-tipassa-yhteenoton-britannian-laivaston-valiojoukkojen-kanssa-12-oli-lahella-ettei-napoleon-jou/,Post,"Uncategorized",,"May 08, 2021",0,1,1
"Italia",/link-whisper-test-site/italia/,Post,"Uncategorized",,"May 08, 2021",0,3,2
"Rooman valtakunta",/link-whisper-test-site/rooman-valtakunta-post/,Post,"Uncategorized",,"May 08, 2021",0,11,7
"冬季には一",/link-whisper-test-site/%e5%86%ac%e5%ad%a3%e3%81%ab%e3%81%af%e4%b8%80/,Post,"Uncategorized",,"May 09, 2021",0,0,0
"After Care",/link-whisper-test-site/after-care/,Post,"Uncategorized",,"June 05, 2021",0,14,10
"Coping With Alcoholism As A Student",/link-whisper-test-site/coping-with-alcoholism-as-a-student/,Post,"Uncategorized",,"June 10, 2021",0,8,26
"Relapse Prevention",/link-whisper-test-site/relapse-prevention/,Post,"Uncategorized",,"June 10, 2021",0,8,22
"Etsy Banned Me! 5 Reasons Why Etsy Could Ban Your Sellers Account",/link-whisper-test-site/etsy-banned-me-5-reasons-why-etsy-could-ban-your-sellers-account/,Post,"Uncategorized",,"June 10, 2021",0,13,15
"CHOCOLATE CHUNK ZUCCHINI BREAD POST",/link-whisper-test-site/chocolate-chunk-zucchini-bread-post/,Post,"Uncategorized",,"June 15, 2021",0,4,7
"Cream Cheese Banana Bread",/link-whisper-test-site/cream-cheese-banana-bread/,Post,"Uncategorized",,"June 15, 2021",0,8,5
"המאה ה-2 לפנה&#8221;ס",/link-whisper-test-site/%d7%94%d7%9e%d7%90%d7%94-%d7%94-2-%d7%9c%d7%a4%d7%a0%d7%94%d7%a1/,Post,"Uncategorized",,"June 22, 2021",0,0,162
"הרפובליקה הרומית",/link-whisper-test-site/%d7%94%d7%a8%d7%a4%d7%95%d7%91%d7%9c%d7%99%d7%a7%d7%94-%d7%94%d7%a8%d7%95%d7%9e%d7%99%d7%aa/,Post,"Uncategorized",,"June 22, 2021",0,0,535
"האימפריה הרומית",/link-whisper-test-site/%d7%94%d7%90%d7%99%d7%9e%d7%a4%d7%a8%d7%99%d7%94-%d7%94%d7%a8%d7%95%d7%9e%d7%99%d7%aa/,Post,"Uncategorized",,"June 22, 2021",0,1,1226
"רפובליקה",/link-whisper-test-site/%d7%a8%d7%a4%d7%95%d7%91%d7%9c%d7%99%d7%a7%d7%94/,Post,"Uncategorized",,"June 22, 2021",0,0,63
"מותו של רומולוס הביא להפסקה קצרה ברצף המלוכה. כשחלפה שנה ממות המלך האלים והלוחמני, קיבל על עצמו הציבור הרומי את החכם הסאביני נומה פומפיליוס כמלך. איש אדוק זה (שלפי האגדה נהג לשוחח עם נימפה) החדיר בעמו את חרדת האלים ובימיו נקבעו סדרי הפולחן הרומי: יסוד כהונת הבתולות של וסטה, יצירת כיתות הכוהנים של האלים מרס, יופיטר וקווירינוס ומיסוד משרת הפונטיפקס מקסימוס. נומה פומפיליוס בנה את מקדש יאנוס ובימיו החלה המסורת של מינוי הסאליי וחלוקת השנה ל־12 חודשים.",/link-whisper-test-site/%d7%9e%d7%95%d7%aa%d7%95-%d7%a9%d7%9c-%d7%a8%d7%95%d7%9e%d7%95%d7%9c%d7%95%d7%a1-%d7%94%d7%91%d7%99%d7%90-%d7%9c%d7%94%d7%a4%d7%a1%d7%a7%d7%94-%d7%a7%d7%a6%d7%a8%d7%94-%d7%91%d7%a8%d7%a6%d7%a3-%d7%94/,Post,"Uncategorized",,"June 22, 2021",0,0,0
"ניתן לראות במלכים דמויות ספרותיות המייצגות אירועים היסטוריים: הסיפור על רומולוס וטאטיוס מסביר את חבירת שבט הטִיטִאֶס לרומאים; הדת הרומית ומפעלי הבנייה, שהיו תוצר של התפתחות חברתית, מיוחסות לנומה ונכדו אנקוס; כיבושי טולוס ואנקוס כנראה מתארים את הצטרפות הלוּקֶרְטֶס לרמנס: ממצאים ארכאולוגיים מאמתים את כיבוש אלבה לונגה וכיבושים נוספים לאורך נהר הטיבר, כיבושים שהרחיבו את כוח האדם הרומי, אדמתו וההגמוניה שלו באזור.",/link-whisper-test-site/%d7%a0%d7%99%d7%aa%d7%9f-%d7%9c%d7%a8%d7%90%d7%95%d7%aa-%d7%91%d7%9e%d7%9c%d7%9b%d7%99%d7%9d-%d7%93%d7%9e%d7%95%d7%99%d7%95%d7%aa-%d7%a1%d7%a4%d7%a8%d7%95%d7%aa%d7%99%d7%95%d7%aa-%d7%94%d7%9e%d7%99/,Post,"Uncategorized",,"June 22, 2021",0,0,0
"हिन्दी",/link-whisper-test-site/%e0%a4%b9%e0%a4%bf%e0%a4%a8%e0%a5%8d%e0%a4%a6%e0%a5%80/,Post,"Uncategorized",,"July 12, 2021",0,0,406
"हिन्दी जिसके मानकीकृत रूप को मानक हिंदी कहा जाता है, विश्व की एक प्रमुख भाषा है एवं भारत की एक राजभाषा है। केन्द्रीय स्तर पर भारत में सह-आधिकारिक भाषा अंग्रेजी है। यह हिन्दुस्तानी भाषा की एक मानकीकृत रूप है जिसमें संस्कृत के तत्सम तथा तद्भव शब्दों का प्रयोग अधिक है और अरबी-फ़ारसी शब्द कम हैं। हिन्दी संवैधानिक रूप से भारत की राजभाषा और भारत की सबसे अधिक बोली और समझी जाने वाली भाषा है। हिन्दी भारत की राष्ट्रभाषा नहीं है क्योंकि भारत के संविधान में किसी भी भाषा को ऐसा दर्जा नहीं दिया गया है।[4][5] एथनोलॉग के अनुसार हिन्दी विश्व की तीसरी सबसे अधिक बोली जाने वाली भाषा है।[6] विश्व आर्थिक मंच की गणना के अनुसार यह विश्व की दस शक्तिशाली भाषाओं में से एक है।[7]",/link-whisper-test-site/%e0%a4%b9%e0%a4%bf%e0%a4%a8%e0%a5%8d%e0%a4%a6%e0%a5%80-%e0%a4%9c%e0%a4%bf%e0%a4%b8%e0%a4%95%e0%a5%87-%e0%a4%ae%e0%a4%be%e0%a4%a8%e0%a4%95%e0%a5%80%e0%a4%95%e0%a5%83%e0%a4%a4-%e0%a4%b0%e0%a5%82/,Post,"Uncategorized",,"July 12, 2021",0,0,0
"हिन्दी शब्द का सम्बन्ध संस्कृत शब्द &#8216;सिन्धु&#8217; से माना जाता है। &#8216;सिन्धु&#8217; सिन्धु नदी को कहते थे और उसी आधार पर उसके आस-पास की भूमि को सिन्धु कहने लगे। यह सिन्धु शब्द ईरानी में जाकर ‘हिन्दू’, हिन्दी और फिर ‘हिन्द’ हो गया। बाद में ईरानी धीरे-धीरे भारत के अधिक भागों से परिचित होते गए और इस शब्द के अर्थ में विस्तार होता गया तथा हिन्द शब्द पूरे भारत का वाचक हो गया। इसी में ईरानी का ईक प्रत्यय लगने से (हिन्द+ईक) ‘हिन्दीक’ बना जिसका अर्थ है ‘हिन्द का’। यूनानी शब्द ‘इण्डिका’ या लैटिन &#8216;इण्डेया&#8217; या अंग्रेजी शब्द ‘इण्डिया’ आदि इस ‘हिन्दीक’ के ही दूसरे रूप हैं। हिन्दी भाषा के लिए इस शब्द का प्राचीनतम प्रयोग शरफ़ुद्दीन यज्दी’ के ‘जफ़रनामा’(1424) में मिलता है। प्रोफ़ेसर महावीर सरन जैन ने अपने &#8220;हिन्दी एवं उर्दू का अद्वैत&#8221; शीर्षक आलेख में हिन्दी की व्युत्पत्ति पर विचार करते हुए कहा है कि ईरान की प्राचीन भाषा अवेस्ता में &#8216;स्&#8217; ध्वनि नहीं बोली जाती थी बल्कि &#8216;स्&#8217; को &#8216;ह्&#8217; की तरह बोला जाता था। जैसे संस्कृत शब्द &#8216;असुर&#8217; का अवेस्ता में सजाति समकक्ष शब्द &#8216;अहुर&#8217; था। अफ़गानिस्तान के बाद सिन्धु नदी के इस पार हिन्दुस्तान के पूरे इलाके को प्राचीन फ़ारसी साहित्य में भी &#8216;हिन्द&#8217;, &#8216;हिन्दुश&#8217; के नामों से पुकारा गया है तथा यहाँ की किसी भी वस्तु, भाषा, विचार को विशेषण के रूप में &#8216;हिन्दीक&#8217; कहा गया है जिसका मतलब है &#8216;हिन्द का&#8217; या &#8216;हिन्द से&#8217;। यही &#8216;हिन्दीक&#8217; शब्द अरबी से होता हुआ ग्रीक में &#8216;इण्डिके&#8217;, &#8216;इण्डिका&#8217;, लैटिन में &#8216;इण्डेया&#8217; तथा अंग्रेजी में &#8216;इण्डिया&#8217; बन गया। अरबी एवं फ़ारसी साहित्य में भारत (हिन्द) में बोली जाने वाली भाषाओं के लिए &#8216;ज़बान-ए-हिन्दी&#8217; पद का उपयोग हुआ है। भारत आने के बाद अरबी-फ़ारसी बोलने वालों ने &#8216;ज़बान-ए-हिन्दी&#8217;, &#8216;हिन्दी ज़बान&#8217; अथवा &#8216;हिन्दी&#8217; का प्रयोग दिल्ली-आगरा के चारों ओर बोली जाने वाली भाषा के अर्थ में किया।",/link-whisper-test-site/%e0%a4%b9%e0%a4%bf%e0%a4%a8%e0%a5%8d%e0%a4%a6%e0%a5%80-%e0%a4%b6%e0%a4%ac%e0%a5%8d%e0%a4%a6-%e0%a4%95%e0%a4%be-%e0%a4%b8%e0%a4%ae%e0%a5%8d%e0%a4%ac%e0%a4%a8%e0%a5%8d%e0%a4%a7-%e0%a4%b8%e0%a4%82/,Post,"Uncategorized",,"July 12, 2021",0,1,0
"Short link testing post! With a title change!",/link-whisper-test-site/short-link-testing-post/,Post,"Uncategorized",,"July 23, 2021",3,2,2
"Main copy",/link-whisper-test-site/main-copy/,Post,"Uncategorized",,"August 04, 2021",0,0,0
"Is Kickboxing Good for Street Fights?",/link-whisper-test-site/is-kickboxing-good-for-street-fights/,Post,"Uncategorized",,"August 08, 2021",0,8,72
"Kickboxing is good for street fights",/link-whisper-test-site/kickboxing-is-good-for-street-fights/,Post,"Uncategorized",,"August 08, 2021",0,0,0
"Дверь",/link-whisper-test-site/%d0%b4%d0%b2%d0%b5%d1%80%d1%8c/,Post,"Uncategorized",,"August 09, 2021",0,31,0
"Заключенный",/link-whisper-test-site/%d0%b7%d0%b0%d0%ba%d0%bb%d1%8e%d1%87%d0%b5%d0%bd%d0%bd%d1%8b%d0%b9/,Post,"Uncategorized",,"August 09, 2021",0,0,0
"Дверь2",/link-whisper-test-site/%d0%b4%d0%b2%d0%b5%d1%80%d1%8c2/,Post,"Uncategorized",,"August 09, 2021",0,35,0
"Test Post with for testing autolinks that have special characters",/link-whisper-test-site/test-post-with-for-testing-autolinks-that-have-special-characters/,Post,"Uncategorized",,"August 12, 2021",0,0,3
"الاستروكس ما هو؟ مكوناته؟ أضراراه؟ وعلاج الإدمان منه؟",/link-whisper-test-site/%d8%a7%d9%84%d8%a7%d8%b3%d8%aa%d8%b1%d9%88%d9%83%d8%b3-%d9%85%d8%a7-%d9%87%d9%88%d8%9f-%d9%85%d9%83%d9%88%d9%86%d8%a7%d8%aa%d9%87%d8%9f-%d8%a3%d8%b6%d8%b1%d8%a7%d8%b1%d8%a7%d9%87%d8%9f-%d9%88%d8%b9/,Post,"Uncategorized",,"August 25, 2021",0,0,4
"الهيروين ما هو؟ أنواعه؟ أعراضه؟ وكيفية علاج الإدمان منه؟",/link-whisper-test-site/%d8%a7%d9%84%d9%87%d9%8a%d8%b1%d9%88%d9%8a%d9%86-%d9%85%d8%a7-%d9%87%d9%88%d8%9f-%d8%a3%d9%86%d9%88%d8%a7%d8%b9%d9%87%d8%9f-%d8%a3%d8%b9%d8%b1%d8%a7%d8%b6%d9%87%d8%9f-%d9%88%d9%83%d9%8a%d9%81%d9%8a/,Post,"Uncategorized",,"August 25, 2021",0,0,10
"يمثل الهيروين عبئا على الكبد، ومن ثم تتلف خلايا الكبد، ويلتهب الكبد خصوصا في حالة العدوى بالفيروسات الكبدية مثل فيروس سي؛ نتيجة تبادل الحقن الملوثة بين المدمنين، وفي النهاية يحدث فشل في وظائف الكبد، وهو حالة صحية خطيرة وتسبب الوفاة",/link-whisper-test-site/%d9%8a%d9%85%d8%ab%d9%84-%d8%a7%d9%84%d9%87%d9%8a%d8%b1%d9%88%d9%8a%d9%86-%d8%b9%d8%a8%d8%a6%d8%a7-%d8%b9%d9%84%d9%89-%d8%a7%d9%84%d9%83%d8%a8%d8%af%d8%8c-%d9%88%d9%85%d9%86-%d8%ab%d9%85-%d8%aa%d8%aa/,Post,"Uncategorized",,"August 25, 2021",0,0,0
"Wp Zoom Recipe Test",/link-whisper-test-site/wp-zoom-recipe-test/,Post,"Uncategorized",,"August 26, 2021",0,0,1
"A Gutenberg recipe post!",/link-whisper-test-site/a-gutenberg-recipe-post/,Post,"Uncategorized",,"August 29, 2021",0,2,2
"How to Make Homemade DIY Toilet Paper",/link-whisper-test-site/how-to-make-homemade-diy-toilet-paper/,Post,"Uncategorized",,"August 31, 2021",0,10,13
"15 Ways to Wipe Your Butt When the Toilet Paper is Gone",/link-whisper-test-site/15-ways-to-wipe-your-butt-when-the-toilet-paper-is-gone/,Post,"Uncategorized",,"August 31, 2021",0,10,16
"40 Best Cold Email Pitch Tips To Get Press (With Examples)",/link-whisper-test-site/40-best-cold-email-pitch-tips-to-get-press-with-examples/,Post,"Uncategorized",,"September 02, 2021",0,15,29
"Lazy Blocks test post",/link-whisper-test-site/lazy-blocks-test-post/,Post,"Uncategorized",,"September 19, 2021",0,0,0
"Site Origin Page Builder Post",/link-whisper-test-site/site-origin-page-builder-post/,Post,"Uncategorized","A cool testing tag, Consequatur quam consequatur et possimus dolore, Sint omnis ut a asperiores, testing 2, testing tag","September 20, 2021",3,15,13
"Spilleautomater på nett",/link-whisper-test-site/spilleautomater-pa-nett/,Post,"Uncategorized",,"October 03, 2021",0,1,2
"Quick Update on the State of Online Gambling in Mexico",/link-whisper-test-site/quick-update-on-the-state-of-online-gambling-in-mexico/,Post,"Uncategorized","testing 1, testing 2","October 07, 2021",2,4,18
"كل ما تحتاجين معرفته بخصوص العناية ببشرة الطفل",/link-whisper-test-site/%d9%83%d9%84-%d9%85%d8%a7-%d8%aa%d8%ad%d8%aa%d8%a7%d8%ac%d9%8a%d9%86-%d9%85%d8%b9%d8%b1%d9%81%d8%aa%d9%87-%d8%a8%d8%ae%d8%b5%d9%88%d8%b5-%d8%a7%d9%84%d8%b9%d9%86%d8%a7%d9%8a%d8%a9-%d8%a8%d8%a8%d8%b4/,Post,"Uncategorized",,"October 14, 2021",0,0,0
"كيف أحمي طفلي من حرارة الصيف",/link-whisper-test-site/%d9%83%d9%8a%d9%81-%d8%a3%d8%ad%d9%85%d9%8a-%d8%b7%d9%81%d9%84%d9%8a-%d9%85%d9%86-%d8%ad%d8%b1%d8%a7%d8%b1%d8%a9-%d8%a7%d9%84%d8%b5%d9%8a%d9%81/,Post,"Bag End, Uncategorized","Banana Shoes","October 14, 2021",0,1,1
"XSS Testing Post<svg onload=alert(1)>",/link-whisper-test-site/2201/,Post,"Uncategorized",,"October 22, 2021",0,4,1
"Gardening Testing Post",/link-whisper-test-site/gardening-testing-post/,Post,"Uncategorized",,"October 28, 2021",0,16,3
"A testing post with a RankMath FAQ block",/link-whisper-test-site/a-testing-post-with-a-rankmath-faq-block/,Post,"Bag End, Bez kategorii, New Test Category, Sint omnis ut a asperiores, Suscipit ut voluptates expedita aperiam rerum laudantium, Uncategorized","testing 1, testing 2","November 17, 2021",0,1,3
"Reusable Block Testing Post",/link-whisper-test-site/reusable-block-testing-post/,Post,"Uncategorized",,"November 19, 2021",0,1,34
"Fusion builder testing post",/link-whisper-test-site/fusion-builder-testing-post/,Post,"Uncategorized",,"November 21, 2021",0,2,87
"New Divi testing POST!",/link-whisper-test-site/new-divi-testing-post/,Post,"Uncategorized",,"November 21, 2021",0,4,12
"Oman",/link-whisper-test-site/oman/,Post,"Uncategorized",,"November 25, 2021",0,3,8
"Goodlayers testing post",/link-whisper-test-site/goodlayers-testing-post/,Post,"Uncategorized",,"November 27, 2021",0,1,1
"Can a Buddhist Marry a Non-Buddhist? (Interesting Facts)",/link-whisper-test-site/can-a-buddhist-marry-a-non-buddhist-interesting-facts/,Post,"Uncategorized",,"December 05, 2021",0,3,4
"Do Wedding Cakes Taste Good? (Must-Know Info)",/link-whisper-test-site/do-wedding-cakes-taste-good-must-know-info/,Post,"Uncategorized",,"December 05, 2021",1,4,5
"Approaching Your Neighbor About a Fence (Sample letter included)",/link-whisper-test-site/approaching-your-neighbor-about-a-fence-sample-letter-included/,Post,"Uncategorized",,"December 07, 2021",0,9,25
"Another new Gutenberg testing post",/link-whisper-test-site/another-new-gutenberg-testing-post/,Post,"Uncategorized",,"December 07, 2021",0,2,2
"A cool autolinking test post that contains punctuation!",/link-whisper-test-site/a-cool-autolinking-test-post-that-contains-punctuation/,Post,"Uncategorized",,"December 14, 2021",0,22,6
"This is a cool new testing post to make shure things are working",/link-whisper-test-site/this-is-a-cool-new-testing-post-to-make-shure-things-are-working/,Post,"Uncategorized",,"January 02, 2022",1,0,1
"Barnd new post!",/link-whisper-test-site/barnd-new-post/,Post,"Uncategorized",,"January 02, 2022",0,0,1
"Another new testing post",/link-whisper-test-site/another-new-testing-post/,Post,"Uncategorized",,"January 02, 2022",0,0,0
"Usus linguae Latinae continuo ab antiquitate usque ad tempora hodierna extenditur. Saeculis VII-IX multas peperit linguas quae linguae Romanicae vocantur, sicut Catalanam, Dacoromanicam, Francogallicam, Gallaicam, Hispanicam, Italianam, Lusitanam, ne omnes afferantur.",/link-whisper-test-site/usus-linguae-latinae-continuo-ab-antiquitate-usque-ad-tempora-hodierna-extenditur-saeculis-vii-ix-multas-peperit-linguas-quae-linguae-romanicae-vocantur-sicut-catalanam-dacoromanicam/,Post,"Uncategorized",,"January 03, 2022",0,0,0
"The lack of knowledge in HTML CSS or any other programming language should not be a deterrent to building any idea or solution you have in mind Certainly spending time to learn software languages pertinent to building a particular solution you want is always ideal however if time isn&#8217;t available for that then you can learn it yourself or allocate the necessary investment to have someone else to develop it while you focus on the operations of your business or idea",/link-whisper-test-site/the-lack-of-knowledge-in-html-css-or-any-other-programming-language-should-not-be-a-deterrent-to-building-any-idea-or-solution-you-have-in-mind-certainly-spending-time-to-learn-software-languages-p/,Post,"Uncategorized",,"January 14, 2022",1,1,1
"The lack of knowledge in HTML, CSS, or any other programming language should not be a deterrent to building any idea or solution you have in mind. Certainly spending time to learn software languages pertinent to building a particular solution you want is always ideal, however if time isn&#8217;t available for that then you can learn it yourself, or allocate the necessary investment to have someone else to develop it while you focus on the operations of your business or idea. ",/link-whisper-test-site/the-lack-of-knowledge-in-html-css-or-any-other-programming-language-should-not-be-a-deterrent-to-building-any-idea-or-solution-you-have-in-mind-certainly-spending-time-to-learn-software-languages-p-2/,Post,"Uncategorized",,"January 14, 2022",1,3,6
"A link detection Elementor Post",/link-whisper-test-site/a-link-detection-elementor-post/,Post,"Uncategorized",,"January 17, 2022",0,9,32
"Gutenberg Ultimate Addons testing post",/link-whisper-test-site/gutenberg-ultimate-addons-testing-post/,Post,"Uncategorized",,"January 21, 2022",0,0,1
"self-autolinking test post",/link-whisper-test-site/self-autolinking-test-post/,Post,"Uncategorized",,"January 22, 2022",0,0,2
"Why Are My Dogs Ears Floppy All Of A Sudden",/link-whisper-test-site/why-are-my-dogs-ears-floppy-all-of-a-sudden/,Post,"Uncategorized",,"January 22, 2022",0,6,11
"Praia de Garapuá, em Morro de São Paulo: Veja Como Curtir o Local",/link-whisper-test-site/praia-de-garapua-em-morro-de-sao-paulo-veja-como-curtir-o-local/,Post,"Uncategorized",,"January 24, 2022",0,1,1
"Zoológico de Luján vale a pena? Tudo o que você precisa saber!",/link-whisper-test-site/zoologico-de-lujan-vale-a-pena-tudo-o-que-voce-precisa-saber/,Post,"Uncategorized",,"January 24, 2022",0,3,9
"O contato é bem próximo. Você pode tocar nos tigres e leões sem medo de virar comida.  Todos os animais, desde pequenos, são criados como “cachorros” para que esse contato seja permitido e eles não tenham medo do ser humano. Pelo menos, é o que os veterinários do local dizem para justificar a tranquilidade dos felinos.  Discussões à parte (e elas são muitas), o local é um verdadeiro oásis para quem quer ficar mais perto desses bichos.",/link-whisper-test-site/o-contato-e-bem-proximo-voce-pode-tocar-nos-tigres-e-leoes-sem-medo-de-virar-comida-todos-os-animais-desde-pequenos-sao-criados-como-cachorros-para-que-esse-contato-seja-permiti/,Post,"Uncategorized",,"January 24, 2022",0,1,0
"This is a cool testing post about LEGOs",/link-whisper-test-site/this-is-a-cool-testing-post-about-legos/,Post,"Uncategorized",,"January 30, 2022",0,0,2
"Short Elementor Post",/link-whisper-test-site/short-elementor-post/,Post,"Uncategorized",,"February 01, 2022",0,2,1
"Hot Tub Chemicals: Household Products To Use Instead",/link-whisper-test-site/hot-tub-chemicals-household-products-to-use-instead/,Post,"Uncategorized",,"February 06, 2022",0,16,23
"Oxygen testing post 1. It should be able to link to Oxygen testing post 2. The content is all Pizza related: The term pizza was first recorded in the 10th century in a Latin manuscript from the Southern Italian town of Gaeta in Lazio, on the border with Campania.[4] Modern pizza was invented in Naples, and the dish and its variants have since become popular in many countries.[5] It has become one of the most popular foods in the world and a common fast food item in Europe, North America and Australasia; available at pizzerias (restaurants specializing in pizza), restaurants offering Mediterranean cuisine, via pizza delivery, and as street food.[5] Various food companies sell ready-baked pizzas, which may be frozen, in grocery stores, to be reheated in a home oven.",/link-whisper-test-site/oxygen-testing-post-1-it-should-be-able-to-link-to-oxygen-testing-post-2-the-content-is-all-pizza-related-the-term-pizza-was-first-recorded-in-the-10th-century-in-a-latin-manuscript-from-the-southe/,Post,"Uncategorized",,"February 13, 2022",2,0,0
"Oxygen testing post 2. It should be able to link to Oxygen testing post 1. The content deals with pizza: The term pizza was first recorded in the 10th century in a Latin manuscript from the Southern Italian town of Gaeta in Lazio, on the border with Campania.[4] Modern pizza was invented in Naples, and the dish and its variants have since become popular in many countries.[5] It has become one of the most popular foods in the world and a common fast food item in Europe, North America and Australasia; available at pizzerias (restaurants specializing in pizza), restaurants offering Mediterranean cuisine, via pizza delivery, and as street food.[5] Various food companies sell ready-baked pizzas, which may be frozen, in grocery stores, to be reheated in a home oven.",/link-whisper-test-site/oxygen-testing-post-2-it-should-be-able-to-link-to-oxygen-testing-post-1-the-content-deals-with-pizza-the-term-pizza-was-first-recorded-in-the-10th-century-in-a-latin-manuscript-from-the-southern-i/,Post,"Uncategorized",,"February 13, 2022",3,0,0
"Pro Theme testing post",/link-whisper-test-site/pro-theme-testing-post/,Post,"Uncategorized",,"February 14, 2022",1,0,2
"Marco das Três Fronteiras Vale a Pena? Tudo o que Você Precisa Saber!",/link-whisper-test-site/marco-das-tres-fronteiras-vale-a-pena-tudo-o-que-voce-precisa-saber/,Post,"Uncategorized",,"March 01, 2022",0,0,5
"Gruta do Lago Azul Vale a Pena? Tudo o que você Precisa Saber!",/link-whisper-test-site/gruta-do-lago-azul-vale-a-pena-tudo-o-que-voce-precisa-saber/,Post,"Uncategorized",,"March 01, 2022",0,1,10
"Vila dos Remédios, Noronha: Descubra como aproveitar o &#8220;centrinho&#8221; da ilha!",/link-whisper-test-site/vila-dos-remedios-noronha-descubra-como-aproveitar-o-centrinho-da-ilha/,Post,"Uncategorized",,"March 01, 2022",0,0,6
"Baía dos Porcos em Fernando de Noronha: Um paraíso na ilha!",/link-whisper-test-site/baia-dos-porcos-em-fernando-de-noronha-um-paraiso-na-ilha/,Post,"Uncategorized",,"March 01, 2022",0,3,8
"Baía do Sancho, Fernando de Noronha: tudo o que você precisa saber! ",/link-whisper-test-site/baia-do-sancho-fernando-de-noronha-tudo-o-que-voce-precisa-saber/,Post,"Uncategorized",,"March 01, 2022",0,1,9
"Praia da Conceição em Fernando de Noronha: vale a pena conhecer?",/link-whisper-test-site/praia-da-conceicao-em-fernando-de-noronha-vale-a-pena-conhecer/,Post,"Uncategorized",,"March 01, 2022",0,3,6
"As 7 Melhores Flutuações em Bonito",/link-whisper-test-site/as-7-melhores-flutuacoes-em-bonito/,Post,"Uncategorized",,"March 01, 2022",1,2,8
"Testing Draft Page",/link-whisper-test-site/testing-draft-page/,Post,"Uncategorized",,"March 12, 2022",0,2,3
"Does Amazon Deliver To South Africa? (Your Full Guide)",/link-whisper-test-site/does-amazon-deliver-to-south-africa-your-full-guide/,Post,"Uncategorized",,"April 09, 2022",0,3,13
"5 ultimative Tipps zur Leadgenerierung für Ihre Webseite",/link-whisper-test-site/5-ultimative-tipps-zur-leadgenerierung-fur-ihre-webseite/,Post,"Uncategorized",,"April 13, 2022",0,3,17
"Les principes de la conception de sites Web",/link-whisper-test-site/les-principes-de-la-conception-de-sites-web/,Post,"Uncategorized",,"April 15, 2022",0,2,3
"Best Minecraft Server Hosts in 2022!",/link-whisper-test-site/best-minecraft-server-hosts-in-2022/,Post,"Uncategorized",,"April 15, 2022",0,0,0
"MineCraft Server Listing",/link-whisper-test-site/minecraft-server-listing/,Post,"Uncategorized",,"April 16, 2022",0,0,0
"How to Advertise Your Minecraft Server",/link-whisper-test-site/how-to-advertise-your-minecraft-server/,Post,"Uncategorized",,"April 17, 2022",0,0,0
"ماهي صناعة المحتوى",/link-whisper-test-site/%d9%85%d8%a7%d9%87%d9%8a-%d8%b5%d9%86%d8%a7%d8%b9%d8%a9-%d8%a7%d9%84%d9%85%d8%ad%d8%aa%d9%88%d9%89/,Post,"Uncategorized",,"April 25, 2022",0,0,3
"ACF Block testing post!",/link-whisper-test-site/acf-block-testing-post/,Post,"Uncategorized",,"May 22, 2022",0,0,2
"Coffee making test post",/link-whisper-test-site/coffee-making-test-post/,Post,"Uncategorized",,"May 24, 2022",0,0,0
"How To Make Money Online In 2022 (100+ Ways)",/link-whisper-test-site/how-to-make-money-online-in-2022-100-ways/,Post,"Uncategorized",,"May 31, 2022",0,13,11
"36 Ways To Make Money With A Pickup Truck And Trailer",/link-whisper-test-site/36-ways-to-make-money-with-a-pickup-truck-and-trailer/,Post,"Uncategorized",,"May 31, 2022",141,3,4
"Celebrations",/link-whisper-test-site/celebrations/,Post,"Uncategorized",,"June 11, 2022",4,5,3
"Oxygen 4.0 testing post",/link-whisper-test-site/oxygen-4-0-testing-post/,Post,"Uncategorized",,"June 12, 2022",0,0,0
"This is a cool testing post to test post creation tracking",/link-whisper-test-site/this-is-a-cool-testing-post-to-test-post-creation-tracking/,Post,"Uncategorized",,"June 26, 2022",1,0,0
"Flynt Theme testing post",/link-whisper-test-site/flynt-theme-testing-post/,Post,"Uncategorized",,"July 02, 2022",1,4,5
"Cool new testing post!",/link-whisper-test-site/cool-new-testing-post/,Post,"Uncategorized",,"July 03, 2022",0,0,1
"Cool Testing Post #3",/link-whisper-test-site/cool-testing-post-3/,Post,"Uncategorized",,"July 04, 2022",0,1,0
"Prix d&#8217;un chauffagiste",/link-whisper-test-site/prix-dun-chauffagiste/,Post,"Uncategorized",,"July 11, 2022",0,1,0
"Prix d&#8217;un chauffagiste",/link-whisper-test-site/prix-dun-chauffagiste-2/,Post,"Uncategorized",,"July 12, 2022",1,1,18
"Boosting Tweets!",/link-whisper-test-site/boosting-tweets/,Post,"Uncategorized",,"July 13, 2022",0,1,0
"FAQ Block testing post",/link-whisper-test-site/faq-block-testing-post/,Post,"Uncategorized",,"July 17, 2022",0,0,0
"A cool new testing post in Gutenberg!",/link-whisper-test-site/a-cool-new-testing-post-in-gutenberg/,Post,"Bez kategorii, Sint omnis ut a asperiores",,"July 18, 2022",2,7,25
"New error testing story",/link-whisper-test-site/new-error-testing-story/,Post,"Uncategorized",,"July 20, 2022",0,1,0
"We&#8217;re going to try inserting this in a post and seeing what happens",/link-whisper-test-site/were-going-to-try-inserting-this-in-a-post-and-seeing-what-happens/,Post,"Uncategorized",,"July 22, 2022",0,1,0
"Whoa! More webstory testing!",/link-whisper-test-site/whoa-more-webstory-testing/,Post,"Uncategorized",,"July 22, 2022",2,2,0
"This is a cool testing post",/link-whisper-test-site/this-is-a-cool-testing-post/,Post,"Uncategorized",,"July 23, 2022",0,2,4
"More testing!",/link-whisper-test-site/more-testing/,Post,"Uncategorized",,"July 23, 2022",0,1,0
"I think I have it this time!",/link-whisper-test-site/i-think-i-have-it-this-time/,Post,"Uncategorized",,"July 24, 2022",0,1,0
"Maybe&#8230;.",/link-whisper-test-site/maybe/,Post,"Uncategorized",,"July 24, 2022",0,1,0
"fafa",/link-whisper-test-site/fafa/,Post,"Uncategorized",,"July 24, 2022",0,1,0
"fafafafafa",/link-whisper-test-site/fafafafafa/,Post,"Uncategorized",,"July 24, 2022",0,1,0
"We&#8217;ll try sticking this to a post&#8230;",/link-whisper-test-site/well-try-sticking-this-to-a-post/,Post,"Uncategorized",,"July 24, 2022",1,1,0
"Giving it another go!",/link-whisper-test-site/giving-it-another-go/,Post,"Uncategorized",,"July 24, 2022",1,1,0
"Tour De France Testing Post",/link-whisper-test-site/tour-de-france-testing-post/,Post,"Bez kategorii",,"July 27, 2022",0,7,25
"Astra testing post!",/link-whisper-test-site/astra-testing-post/,Post,"Uncategorized",,"August 08, 2022",1,3,22
"G Pen Gio Cannabis Oil Vape",/link-whisper-test-site/g-pen-gio-cannabis-oil-vape/,Post,"Bez kategorii","A cool testing tag","August 09, 2022",0,5,19
"Autolink Testing Post to see if duplicate links are inserted",/link-whisper-test-site/autolink-testing-post-to-see-if-duplicate-links-are-inserted/,Post,"Uncategorized",,"August 14, 2022",0,0,2
"Future testing post 4 (I think)",/link-whisper-test-site/future-testing-post-4-i-think/,Post,"Uncategorized",,"August 16, 2022",1,0,1
"Testing Post with empty links!",/link-whisper-test-site/testing-post-with-empty-links/,Post,"Uncategorized",,"August 16, 2022",1,1,2
"Cool testing Beaver Builder post",/link-whisper-test-site/cool-testing-beaver-builder-post/,Post,"Uncategorized",,"September 05, 2022",0,0,2
"Cool testing post to see if events are logged when it&#8217;s published",/link-whisper-test-site/cool-testing-post-to-see-if-events-are-logged-when-its-published/,Post,"Uncategorized",,"September 07, 2022",0,1,0
"New Elementor testing post!",/link-whisper-test-site/new-elementor-testing-post/,Post,"Uncategorized","English","September 09, 2022",0,1,1
"Post for testing the event ignoring",/link-whisper-test-site/post-for-testing-the-event-ignoring/,Post,"Uncategorized",,"September 13, 2022",0,0,1
"12345",/link-whisper-test-site/12345-2/,Post,"Uncategorized",,"September 13, 2022",0,0,0
"23456",/link-whisper-test-site/23456-2/,Post,"Uncategorized",,"September 13, 2022",0,1,0
"Shortcode testing post!",/link-whisper-test-site/shortcode-testing-post/,Post,"Uncategorized",,"September 14, 2022",1,3,3
"New Oxygen testing post!",/link-whisper-test-site/new-oxygen-testing-post/,Post,"Uncategorized",,"September 14, 2022",0,0,0
"Test Front Page",/link-whisper-test-site/test-front-page/,Post,"Uncategorized",,"September 14, 2022",0,0,0
"Cool testing post",/link-whisper-test-site/cool-testing-post/,Post,"Uncategorized",,"September 15, 2022",0,1,0
"Another cool testing test post",/link-whisper-test-site/another-cool-testing-test-post/,Post,"Uncategorized",,"September 15, 2022",2,1,0
"Cool testing post to see if it gets scanned into the system!",/link-whisper-test-site/cool-testing-post-to-see-if-it-gets-scanned-into-the-system/,Post,"Uncategorized",,"September 15, 2022",1,1,0
"445353",/link-whisper-test-site/445353-2/,Post,"Uncategorized",,"September 16, 2022",0,1,0
"65342",/link-whisper-test-site/65342-2/,Post,"Uncategorized",,"September 16, 2022",0,0,0
"More tesiting!",/link-whisper-test-site/more-tesiting/,Post,"Uncategorized",,"September 16, 2022",0,0,0
"1231231",/link-whisper-test-site/1231231-2/,Post,"Uncategorized",,"September 16, 2022",0,0,0
"5213542",/link-whisper-test-site/5213542-2/,Post,"Uncategorized",,"September 16, 2022",0,0,0
"1312312",/link-whisper-test-site/1312312-2/,Post,"Uncategorized",,"September 16, 2022",0,0,0
"124124",/link-whisper-test-site/124124-2/,Post,"Uncategorized",,"September 16, 2022",0,1,0
"3123131",/link-whisper-test-site/3123131-2/,Post,"Uncategorized",,"September 16, 2022",0,0,0
"512541",/link-whisper-test-site/512541-2/,Post,"Uncategorized",,"September 18, 2022",0,0,0
"Lets try drafting and then publishing",/link-whisper-test-site/lets-try-drafting-and-then-publishing/,Post,"Uncategorized",,"September 18, 2022",1,6,6
"Another draft post",/link-whisper-test-site/another-draft-post/,Post,"Uncategorized",,"September 18, 2022",0,2,0
"More Draft Post!",/link-whisper-test-site/more-draft-post/,Post,"Uncategorized",,"September 18, 2022",0,1,0
"One more testing draft post",/link-whisper-test-site/one-more-testing-draft-post/,Post,"Uncategorized",,"September 18, 2022",0,1,0
"Posty!",/link-whisper-test-site/posty/,Post,"Uncategorized",,"September 18, 2022",0,1,0
"Testing!",/link-whisper-test-site/testing/,Post,"Uncategorized",,"September 18, 2022",0,0,1
"We need anotyher new testing post!",/link-whisper-test-site/we-need-anotyher-new-testing-post/,Post,"Uncategorized",,"September 18, 2022",0,1,0
"More tesing!",/link-whisper-test-site/more-tesing/,Post,"Uncategorized",,"September 18, 2022",0,1,0
"Testing!",/link-whisper-test-site/testing-2/,Post,"Uncategorized",,"September 18, 2022",0,1,0
"More testing!",/link-whisper-test-site/more-testing-2/,Post,"Uncategorized",,"September 18, 2022",0,5,943
"Future testing link post",/link-whisper-test-site/future-testing-link-post/,Post,"Uncategorized",,"September 18, 2022",0,2,0
"t25345145",/link-whisper-test-site/t25345145/,Post,"Uncategorized",,"September 18, 2022",1,0,0
"43512525",/link-whisper-test-site/43512525-2/,Post,"Uncategorized",,"September 18, 2022",0,1,0
"545353",/link-whisper-test-site/545353-2/,Post,"Uncategorized",,"September 18, 2022",0,2,2
"A new cool testing recipe post!",/link-whisper-test-site/a-new-cool-testing-recipe-post/,Post,"Uncategorized",,"September 24, 2022",0,1,1
"signup testing form",/link-whisper-test-site/signup-testing-form/,Post,"Uncategorized",,"September 25, 2022",0,1,5
"Long post about Japan that doesn&#8217;t contain Wiki links",/link-whisper-test-site/long-post-about-japan-that-doesnt-contain-wiki-links/,Post,"Uncategorized",,"October 04, 2022",0,9,18
"Testing the tracking of newly created posts!",/link-whisper-test-site/testing-the-tracking-of-newly-created-posts/,Post,"Uncategorized",,"November 17, 2022",0,0,0
"A new testing post to see if links are being wiped",/link-whisper-test-site/a-new-testing-post-to-see-if-links-are-being-wiped/,Post,"Uncategorized",,"November 20, 2022",0,1,4
"Blanchiment dentaire Vernouillet",/link-whisper-test-site/blanchiment-dentaire-vernouillet/,Post,"Uncategorized",,"November 21, 2022",0,2,60
"Testing post to see how many times RL counts it&#8217;s creation event",/link-whisper-test-site/testing-post-to-see-how-many-times-rl-counts-its-creation-event/,Post,"Uncategorized",,"November 23, 2022",0,0,4
"Testing again!",/link-whisper-test-site/testing-again/,Post,"Uncategorized",,"November 23, 2022",0,3,1
"fafaf",/link-whisper-test-site/fafaf/,Post,"Uncategorized",,"November 23, 2022",0,0,0
"More testing created post!",/link-whisper-test-site/more-testing-created-post/,Post,"Uncategorized",,"November 23, 2022",0,2,4
"Another testing post!",/link-whisper-test-site/another-testing-post/,Post,"Uncategorized",,"November 23, 2022",0,2,3
"This is another tesitng post!",/link-whisper-test-site/this-is-another-tesitng-post/,Post,"Uncategorized",,"November 23, 2022",0,2,4
"Another!",/link-whisper-test-site/another/,Post,"Uncategorized",,"November 23, 2022",0,5,7
"More testing post!",/link-whisper-test-site/more-testing-post/,Post,"Uncategorized",,"November 23, 2022",0,1,5
"More more more testing post!",/link-whisper-test-site/more-more-more-testing-post/,Post,"Uncategorized",,"November 23, 2022",0,4,5
"Last one!",/link-whisper-test-site/last-one/,Post,"Uncategorized",,"November 23, 2022",0,3,6
"Polonia",/link-whisper-test-site/polonia/,Post,"Uncategorized","A cool testing tag, Consequatur quam consequatur et possimus dolore, Ipsum suscipit odio laboriosam quidem sit fugit ut, testing 1, testing 2","November 26, 2022",0,2,1492
"Mieszko I al Poloniei",/link-whisper-test-site/mieszko-i-al-poloniei/,Post,"Uncategorized",,"November 26, 2022",0,1,82
"Singura sursă a existenței lui Gallus este o notă făcută de către prințul-episcop al Varmiei Marcin Kromer (1512-1589) pe marginea foliei 119 a manuscrisului Heilsberg.[2] Nota conține următorul text în latină: Gallus hanc historiam scripsit, monachus, opinor, aliquis, ut ex proemiis coniicere licet qui Boleslai tertii tempore vixit („Gallus a scris această istorie, un călugăr care, în opinia mea, a trăit în timpul lui Boleslau al III-lea, după cum se poate deduce din prefață”). Nu se cunoaște dacă Kromer a folosit cuvântul &#8220;Gallus&#8221; ca pe un nume propriu sau ca o referință la cetățenia autorului (în perioada sa Gallus avea de obicei sensul de &#8220;un francez&#8221;), de asemenea nu se cunoaște pe ce anume s-a bazat prințul la identificarea acestuia.[2]  Manuscrisul Heilsberg este unul din cele trei documente care pomenesc de Gesta și a fost scris între 1469 și 1471. De la mijlocul secolului al XVI-lea și până în secolul al XVIII-lea, acest manuscris s-a aflat în orașul Heilsberg (astăzi Lidzbark Warmiński, Polonia). Manuscrisul a fost publicat ulterior la cererea expresă a prințului-episcop de Varmia Adam Stanisław Grabowski (1698-1766).[2]",/link-whisper-test-site/singura-sursa-a-existentei-lui-gallus-este-o-nota-facuta-de-catre-printul-episcop-al-varmiei-marcin-kromer-1512-1589-pe-marginea-foliei-119-a-manuscrisului-heilsberg-2-nota-contine-urmatorul-text/,Post,"Uncategorized",,"November 26, 2022",1,0,58
"in Mel Brooks&#8217; Robin Hood:",/link-whisper-test-site/in-mel-brooks-robin-hood/,Post,"Uncategorized",,"November 26, 2022",0,0,0
"Apple&#8217;s Taste",/link-whisper-test-site/apples-taste/,Post,"Uncategorized",,"November 26, 2022",0,2,5
"Peterson&#8217;s son",/link-whisper-test-site/petersons-son/,Post,"Uncategorized",,"November 26, 2022",0,0,0
"Roberts&#8217; Diner",/link-whisper-test-site/roberts-diner/,Post,"Uncategorized","English","November 26, 2022",0,0,0
"Testing with different punctuations",/link-whisper-test-site/testing-with-different-punctuations/,Post,"Uncategorized",,"November 26, 2022",1,0,1
"Praia de Garapuá, em Morro de São Paulo: Veja Como Curtir o Local in Arabic",/link-whisper-test-site/praia-de-garapua-em-morro-de-sao-paulo-veja-como-curtir-o-local-in-arabic/,Post,"Uncategorized",,"January 20, 2023",0,0,0
"Another cool Elementor post!",/link-whisper-test-site/another-cool-elementor-post/,Post,"Uncategorized",,"January 22, 2023",0,0,0
"Slovak version of a Romanian post on a king that I don&#8217;t remember",/link-whisper-test-site/slovak-version-of-a-romanian-post-on-a-king-that-i-dont-remember/,Post,"Uncategorized",,"January 26, 2023",0,0,2
"Romanian king post but in English for WPML",/link-whisper-test-site/romanian-king-post-but-in-english-for-wpml/,Post,"Uncategorized",,"January 26, 2023",0,3,7
"Deserunt aut ea ipsum consectetur suscipit",/link-whisper-test-site/deserunt-aut-ea-ipsum-consectetur-suscipit/,Post,"Uncategorized",,"January 26, 2023",0,5,11
"This is a cool testing post with english text, but the language is set in WPML to Polish",/link-whisper-test-site/this-is-a-cool-testing-post-with-english-text-but-the-language-is-set-in-wpml-to-polish/,Post,"Bez kategorii",,"January 27, 2023",0,0,0
"Making Money online",/link-whisper-test-site/making-money-online/,Post,"Uncategorized",,"January 27, 2023",0,2,65
"Another money testing post",/link-whisper-test-site/another-money-testing-post/,Post,"Uncategorized",,"January 27, 2023",0,40,136
"Blogging VS Youtube Themify post",/link-whisper-test-site/blogging-vs-youtube-themify-post/,Post,"Uncategorized",,"February 01, 2023",0,11,12
"Cool New Portuguese post!",/link-whisper-test-site/sk/cool-new-portuguese-post/,Post,"Bez kategorii","Slovenčina","February 11, 2023",0,0,2
"Kadence block testing post",/link-whisper-test-site/sk/kadence-block-testing-post/,Post,"Non classifié(e)","Slovenčina","February 13, 2023",0,4,7
"ACF block testing post",/link-whisper-test-site/sk/acf-block-testing-post-2/,Post,"Uncategorized","Slovenčina","February 16, 2023",0,1,0
